{
  "token_acc": 0.9968038482,
  "token_p": 0.9727525387,
  "token_r": 0.9831462495,
  "token_f": 0.9779217779,
  "pos_acc": 0.9876042249,
  "morph_acc": 0.9709544469,
  "morph_micro_p": 0.9873985222,
  "morph_micro_r": 0.9800567019,
  "morph_micro_f": 0.9837139136,
  "morph_per_feat": {
    "Animacy": {
      "p": 0.9870259481,
      "r": 0.9774431719,
      "f": 0.9822111874
    },
    "Case": {
      "p": 0.9759374509,
      "r": 0.9691871751,
      "f": 0.9725506
    },
    "Gender": {
      "p": 0.9870242407,
      "r": 0.9804886662,
      "f": 0.9837455987
    },
    "Number": {
      "p": 0.9952602142,
      "r": 0.9887181226,
      "f": 0.9919783823
    },
    "Degree": {
      "p": 0.9811860941,
      "r": 0.9852156057,
      "f": 0.9831967213
    },
    "Aspect": {
      "p": 0.9821266558,
      "r": 0.9730337079,
      "f": 0.9775590373
    },
    "Mood": {
      "p": 0.9987576096,
      "r": 0.9966526159,
      "f": 0.9977040025
    },
    "Tense": {
      "p": 0.9888969596,
      "r": 0.9788414133,
      "f": 0.9838434935
    },
    "VerbForm": {
      "p": 0.9944656142,
      "r": 0.985258427,
      "f": 0.9898406105
    },
    "Voice": {
      "p": 0.9887497732,
      "r": 0.9795955056,
      "f": 0.9841513523
    },
    "StyleVariant": {
      "p": 0.9911330049,
      "r": 0.9921104536,
      "f": 0.9916214884
    },
    "Polarity": {
      "p": 1.0,
      "r": 1.0,
      "f": 1.0
    },
    "Person": {
      "p": 0.9995451444,
      "r": 0.9914279269,
      "f": 0.9954699887
    },
    "Foreign": {
      "p": 0.9674017258,
      "r": 0.8728373702,
      "f": 0.917689859
    },
    "Hyph": {
      "p": 0.0,
      "r": 0.0,
      "f": 0.0
    }
  },
  "sents_p": 0.9988577955,
  "sents_r": 0.9982876712,
  "sents_f": 0.998572652,
  "dep_uas": 0.9595184566,
  "dep_las": 0.9473863042,
  "dep_las_per_type": {
    "case": {
      "p": 0.9929265302,
      "r": 0.9891947759,
      "f": 0.9910571402
    },
    "parataxis": {
      "p": 0.8864097363,
      "r": 0.8479948254,
      "f": 0.8667768595
    },
    "nmod": {
      "p": 0.9222687122,
      "r": 0.9212408285,
      "f": 0.9217544838
    },
    "advmod": {
      "p": 0.9551478084,
      "r": 0.9499831024,
      "f": 0.9525584548
    },
    "obl": {
      "p": 0.9353342428,
      "r": 0.9278657464,
      "f": 0.9315850262
    },
    "amod": {
      "p": 0.9891999432,
      "r": 0.9843042986,
      "f": 0.9867460486
    },
    "nsubj": {
      "p": 0.9691309166,
      "r": 0.966682457,
      "f": 0.9679051383
    },
    "root": {
      "p": 0.9878002287,
      "r": 0.9859208524,
      "f": 0.9868596458
    },
    "xcomp": {
      "p": 0.9477221807,
      "r": 0.9642857143,
      "f": 0.9559322034
    },
    "conj": {
      "p": 0.8896809233,
      "r": 0.8994509266,
      "f": 0.8945392491
    },
    "cc": {
      "p": 0.9658079625,
      "r": 0.9644527596,
      "f": 0.9651298853
    },
    "fixed": {
      "p": 0.9923273657,
      "r": 0.9872773537,
      "f": 0.9897959184
    },
    "mark": {
      "p": 0.9687703318,
      "r": 0.9719321149,
      "f": 0.9703486478
    },
    "ccomp": {
      "p": 0.9779643232,
      "r": 0.9748953975,
      "f": 0.9764274489
    },
    "nummod:gov": {
      "p": 0.9663865546,
      "r": 0.9583333333,
      "f": 0.9623430962
    },
    "nummod": {
      "p": 0.9679376083,
      "r": 0.9482173175,
      "f": 0.9579759863
    },
    "obj": {
      "p": 0.9657346491,
      "r": 0.962568306,
      "f": 0.9641488779
    },
    "det": {
      "p": 0.9646974063,
      "r": 0.9674855491,
      "f": 0.9660894661
    },
    "appos": {
      "p": 0.8880918221,
      "r": 0.7976804124,
      "f": 0.8404616429
    },
    "aux": {
      "p": 0.9439252336,
      "r": 0.9619047619,
      "f": 0.9528301887
    },
    "flat": {
      "p": 0.9952830189,
      "r": 0.9612756264,
      "f": 0.9779837775
    },
    "flat:name": {
      "p": 0.97406639,
      "r": 0.9700413223,
      "f": 0.9720496894
    },
    "iobj": {
      "p": 0.9269340974,
      "r": 0.8128140704,
      "f": 0.8661311914
    },
    "acl": {
      "p": 0.9050131926,
      "r": 0.8564294632,
      "f": 0.8800513149
    },
    "obl:agent": {
      "p": 0.7125,
      "r": 0.75,
      "f": 0.7307692308
    },
    "advcl": {
      "p": 0.8434004474,
      "r": 0.8607305936,
      "f": 0.8519774011
    },
    "cop": {
      "p": 0.9027777778,
      "r": 0.9027777778,
      "f": 0.9027777778
    },
    "flat:foreign": {
      "p": 0.968,
      "r": 0.825,
      "f": 0.890797546
    },
    "aux:pass": {
      "p": 0.988372093,
      "r": 0.9742120344,
      "f": 0.9812409812
    },
    "nsubj:pass": {
      "p": 0.9489795918,
      "r": 0.9503649635,
      "f": 0.9496717724
    },
    "acl:relcl": {
      "p": 0.8144329897,
      "r": 0.8110882957,
      "f": 0.8127572016
    },
    "orphan": {
      "p": 0.7297297297,
      "r": 0.75,
      "f": 0.7397260274
    },
    "discourse": {
      "p": 0.9523809524,
      "r": 0.9230769231,
      "f": 0.9375
    },
    "csubj": {
      "p": 0.9708029197,
      "r": 0.9366197183,
      "f": 0.9534050179
    },
    "expl": {
      "p": 0.8235294118,
      "r": 0.7368421053,
      "f": 0.7777777778
    },
    "compound": {
      "p": 0.75,
      "r": 0.3,
      "f": 0.4285714286
    },
    "csubj:pass": {
      "p": 0.8461538462,
      "r": 1.0,
      "f": 0.9166666667
    },
    "nummod:entity": {
      "p": 1.0,
      "r": 0.75,
      "f": 0.8571428571
    },
    "list": {
      "p": 0.0,
      "r": 0.0,
      "f": 0.0
    }
  },
  "tag_acc": 0.9876042249,
  "lemma_acc": 2.15295e-05,
  "ents_p": 0.9404781809,
  "ents_r": 0.9468103013,
  "ents_f": 0.9436336185,
  "ents_per_type": {
    "PER": {
      "p": 0.9565217391,
      "r": 0.9511510387,
      "f": 0.9538288288
    },
    "LOC": {
      "p": 0.9726544083,
      "r": 0.974492206,
      "f": 0.9735724398
    },
    "ORG": {
      "p": 0.8942077549,
      "r": 0.9143416544,
      "f": 0.9041626331
    }
  },
  "speed": 2504.040290422
}